Veronica,Veronica,Veronica,Veronica,Jason,Jason,Jason,Jason,Thomas,Thomas,Thomas,Thomas,Eugene,Eugene,Eugene,Eugene,Salina,Salina,Salina,Salina,Rob,Rob,Rob,Rob,Kristina,Kristina,Kristina,Kristina,Alok,Alok,Alok,Alok,n/a,n/a,n/a,n/a,Marc-Andre,Marc-Andre,Marc-Andre,Marc-Andre,Dave,Dave,Dave,Dave,Harrison,Harrison,Harrison,Harrison
2020-01-04 10:30:01,access point,ap1-1,new client,2020-01-04 10:30:02,access point,ap1-1,new client,2020-01-04 10:30:04,access point,ap1-1,new client,2020-01-04 10:30:17,access point,ap1-1,new client,2020-01-04 10:30:18,access point,ap1-4,new client,2020-01-04 10:30:20,access point,ap2-1,new client,2020-01-04 10:30:35,access point,ap1-3,new client,2020-01-04 10:30:57,access point,ap1-1,new client,2020-01-04 10:31:06,door sensor,110,door closed,2020-01-04 11:33:11,access point,ap1-4,new client,2020-01-04 11:55:02,access point,ap1-4,new client,2020-01-04 22:01:45,access point,ap1-4,new client
2020-01-04 10:30:59,access point,ap1-4,user connected,2020-01-04 12:02:10,access point,ap1-4,user connected,2020-01-04 10:37:43,access point,ap1-4,user connected,2020-01-04 12:02:21,access point,ap1-4,user connected,2020-01-04 21:40:32,access point,ap2-1,user connected,2020-01-04 11:37:48,access point,ap1-4,user connected,2020-01-04 13:45:37,access point,ap1-4,user connected,2020-01-04 12:02:23,access point,ap1-4,user connected,2020-01-04 10:37:41,door sensor,110,door closed,2020-01-04 11:33:30,access point,ap1-2,user connected,2020-01-04 11:56:11,access point,ap1-3,user connected,,,,
2020-01-04 10:31:26,access point,ap1-2,user connected,2020-01-04 12:03:32,access point,ap2-1,user connected,2020-01-04 10:38:10,access point,ap1-2,user connected,2020-01-04 12:02:36,access point,ap1-3,user connected,2020-01-04 21:42:05,access point,ap1-4,user connected,2020-01-04 11:37:55,access point,ap1-2,user connected,2020-01-04 13:45:52,access point,ap1-4,user disconnected,2020-01-04 12:02:38,access point,ap1-3,user connected,2020-01-04 10:37:50,door sensor,110,door closed,2020-01-04 11:33:39,door sensor,156,successful keycard unlock,2020-01-04 11:56:15,door sensor,130,successful keycard unlock,,,,
2020-01-04 10:37:04,access point,ap1-4,user connected,2020-01-04 12:15:32,access point,ap1-4,user connected,2020-01-04 10:43:48,access point,ap1-4,user connected,2020-01-04 14:25:50,access point,ap1-4,user connected,,,,,2020-01-04 11:38:02,door sensor,151,successful keycard unlock,2020-01-04 19:00:58,access point,ap1-4,user connected,2020-01-04 14:26:50,access point,ap1-4,user connected,2020-01-04 10:44:25,door sensor,110,door closed,2020-01-04 11:33:42,door sensor,156b,successful keycard unlock,2020-01-04 14:34:00,access point,ap1-4,user connected,,,,
2020-01-04 10:37:24,access point,ap1-1,user connected,2020-01-04 12:15:36,access point,ap1-3,user connected,2020-01-04 10:44:08,access point,ap1-1,user connected,2020-01-04 14:26:00,door sensor,110,successful keycard unlock,,,,,2020-01-04 13:26:18,access point,ap1-4,user connected,2020-01-04 19:31:30,access point,ap2-3,user connected,2020-01-04 14:27:00,door sensor,110,successful keycard unlock,2020-01-04 10:55:00,door sensor,110,unlocked no keycard,2020-01-04 11:34:12,access point,ap1-4,user connected,2020-01-04 14:34:20,access point,ap1-4,user disconnected,,,,
2020-01-04 10:37:34,door sensor,110,successful keycard unlock,2020-01-04 14:28:00,door sensor,110,successful keycard unlock,2020-01-04 10:44:18,door sensor,110,successful keycard unlock,2020-01-04 14:26:02,access point,ap1-1,user connected,,,,,2020-01-04 13:26:40,access point,ap2-1,user connected,2020-01-04 19:31:32,door sensor,235,successful keycard unlock,2020-01-04 14:27:02,access point,ap1-1,user connected,2020-01-04 11:14:00,door sensor,110,unlocked no keycard,2020-01-04 11:35:02,access point,ap2-1,user connected,2020-01-04 15:10:00,access point,ap1-4,user connected,,,,
2020-01-04 12:02:28,access point,ap1-4,user connected,2020-01-04 14:28:02,access point,ap1-1,user connected,2020-01-04 12:02:22,access point,ap1-4,user connected,2020-01-04 16:26:24,access point,ap1-4,user connected,,,,,2020-01-04 13:26:51,door sensor,231,successful keycard unlock,2020-01-04 21:08:24,access point,ap1-4,user connected,2020-01-04 15:11:49,access point,ap1-4,user connected,2020-01-04 11:33:46,door sensor,156,door closed,2020-01-04 11:35:11,door sensor,233,successful keycard unlock,2020-01-04 15:10:20,access point,ap1-3,user connected,,,,
2020-01-04 12:02:34,access point,ap2-1,user connected,2020-01-04 14:28:50,access point,ap1-4,user connected,2020-01-04 12:02:35,access point,ap1-3,user connected,2020-01-04 16:26:51,access point,ap1-2,user connected,,,,,2020-01-04 13:45:36,access point,ap1-4,user connected,2020-01-04 21:08:34,access point,ap1-4,user disconnected,2020-01-04 15:12:16,access point,ap1-2,user connected,2020-01-04 11:33:49,door sensor,156b,door closed,2020-01-04 12:00:19,door sensor,231,successful keycard unlock,2020-01-04 15:10:22,door sensor,130,successful keycard unlock,,,,
2020-01-04 12:02:45,door sensor,210,successful keycard unlock,2020-01-04 15:44:29,access point,ap1-4,user connected,2020-01-04 14:30:50,access point,ap1-4,user connected,2020-01-04 16:32:29,access point,ap1-4,user connected,,,,,2020-01-04 13:45:50,access point,ap1-4,user disconnected,2020-01-04 21:11:56,access point,ap1-4,user connected,2020-01-04 15:17:54,access point,ap1-4,user connected,2020-01-04 11:34:01,door sensor,156b,unlocked no keycard,2020-01-04 12:15:31,door sensor,210,successful keycard unlock,2020-01-04 17:27:00,door sensor,130,successful keycard unlock,,,,
2020-01-04 12:23:17,access point,ap1-4,user connected,2020-01-04 15:44:56,access point,ap1-2,user connected,2020-01-04 14:31:00,door sensor,110,successful keycard unlock,2020-01-04 16:32:49,access point,ap1-1,user connected,,,,,2020-01-04 20:05:30,access point,ap1-4,user connected,2020-01-04 21:12:24,access point,ap2-3,user connected,2020-01-04 15:18:14,access point,ap1-1,user connected,2020-01-04 11:34:04,door sensor,156,unlocked no keycard,2020-01-04 12:16:21,door sensor,232,successful keycard unlock,2020-01-04 17:29:00,door sensor,130,successful keycard unlock,,,,
2020-01-04 12:23:21,access point,ap1-2,user connected,2020-01-04 16:25:45,access point,ap1-4,user connected,2020-01-04 14:31:03,access point,ap1-1,user connected,2020-01-04 16:32:59,door sensor,110,successful keycard unlock,,,,,2020-01-04 20:05:31,access point,ap1-2,user connected,2020-01-04 21:12:48,door sensor,235,successful keycard unlock,2020-01-04 15:18:24,door sensor,110,successful keycard unlock,2020-01-04 11:34:05,door sensor,156b,door closed,2020-01-04 12:46:01,door sensor,210,successful keycard unlock,2020-01-04 17:48:00,door sensor,130,successful keycard unlock,,,,
2020-01-04 12:23:27,door sensor,151,successful keycard unlock,2020-01-04 16:26:05,access point,ap1-1,user connected,2020-01-04 17:30:06,access point,ap1-4,user connected,2020-01-04 17:30:11,access point,ap1-4,user connected,,,,,2020-01-04 20:05:33,door sensor,155,successful keycard unlock,2020-01-04 22:44:43,door sensor,235,successful keycard unlock,2020-01-04 17:30:16,access point,ap1-4,user connected,2020-01-04 11:34:08,door sensor,156,door closed,2020-01-04 13:36:25,access point,ap2-3,user connected,2020-01-04 19:31:59,access point,ap1-4,user connected,,,,
2020-01-04 14:01:17,access point,ap1-3,user connected,2020-01-04 16:26:15,door sensor,110,successful keycard unlock,2020-01-04 17:35:00,access point,ap1-3,user connected,2020-01-04 17:30:15,access point,ap1-3,user connected,,,,,,,,,2020-01-04 23:47:36,access point,ap1-4,user connected,2020-01-04 17:30:18,access point,ap1-3,user connected,2020-01-04 11:34:52,motion sensor,elevator,motion detected,2020-01-04 13:36:45,access point,ap2-2,user connected,2020-01-04 20:00:18,door sensor,130,successful keycard unlock,,,,
2020-01-04 14:39:50,access point,ap1-4,user connected,2020-01-04 17:30:04,access point,ap1-4,user connected,2020-01-04 19:00:33,access point,ap1-2,user connected,2020-01-04 19:10:31,access point,ap1-4,user connected,,,,,,,,,2020-01-04 23:51:46,access point,ap2-3,user connected,2020-01-04 19:05:12,access point,ap1-4,user connected,2020-01-04 11:35:15,door sensor,233,door closed,2020-01-04 13:37:04,door sensor,244,successful keycard unlock,2020-01-04 20:41:40,access point,ap2-3,user connected,,,,
2020-01-04 14:40:00,door sensor,110,successful keycard unlock,2020-01-04 17:36:00,access point,ap1-3,user connected,2020-01-04 19:00:34,door sensor,151,successful keycard unlock,2020-01-04 19:10:33,access point,ap1-4,user disconnected,,,,,,,,,2020-01-04 23:52:10,door sensor,235,successful keycard unlock,2020-01-04 19:05:20,access point,ap1-4,user disconnected,2020-01-04 11:37:41,motion sensor,elevator,motion detected,2020-01-04 14:10:15,door sensor,248,successful keycard unlock,,,,,,,,
2020-01-04 14:40:01,access point,ap1-1,user connected,2020-01-04 19:00:23,access point,ap1-4,user connected,2020-01-04 20:00:11,door sensor,155,successful keycard unlock,,,,,,,,,,,,,,,,,,,,,2020-01-04 11:38:05,door sensor,151,door closed,2020-01-04 14:35:15,door sensor,241,successful keycard unlock,,,,,,,,
2020-01-04 15:18:33,access point,ap1-4,user connected,2020-01-04 19:00:27,access point,ap1-4,user disconnected,2020-01-04 20:31:05,access point,ap2-3,user connected,,,,,,,,,,,,,,,,,,,,,2020-01-04 11:56:18,door sensor,130,door closed,2020-01-04 15:05:02,access point,ap2-3,user connected,,,,,,,,
2020-01-04 15:19:00,access point,ap1-2,user connected,2020-01-04 19:30:12,access point,ap1-4,user connected,2020-01-04 20:31:06,access point,ap2-2,user connected,,,,,,,,,,,,,,,,,,,,,2020-01-04 12:00:07,door sensor,233,unlocked no keycard,2020-01-04 15:05:40,access point,ap1-4,user connected,,,,,,,,
2020-01-04 15:24:38,access point,ap1-4,user connected,2020-01-04 19:31:37,access point,ap2-2,user connected,2020-01-04 20:31:07,door sensor,248,successful keycard unlock,,,,,,,,,,,,,,,,,,,,,2020-01-04 12:00:09,door sensor,233,door closed,2020-01-04 15:06:00,access point,ap1-3,user connected,,,,,,,,
2020-01-04 15:24:58,access point,ap1-1,user connected,2020-01-04 19:31:39,door sensor,241,successful keycard unlock,2020-01-04 21:34:43,access point,ap2-3,user connected,,,,,,,,,,,,,,,,,,,,,2020-01-04 12:00:22,door sensor,231,door closed,2020-01-04 15:06:05,door sensor,130,successful keycard unlock,,,,,,,,
2020-01-04 15:25:08,door sensor,110,successful keycard unlock,2020-01-04 22:36:23,access point,ap2-3,user connected,2020-01-04 21:34:56,access point,ap2-1,user connected,,,,,,,,,,,,,,,,,,,,,2020-01-04 12:02:04,door sensor,110,unlocked no keycard,2020-01-04 15:11:32,access point,ap1-2,user connected,,,,,,,,
2020-01-04 17:30:02,access point,ap1-4,user connected,2020-01-04 22:36:40,access point,ap2-1,user connected,2020-01-04 21:40:04,access point,ap2-3,user connected,,,,,,,,,,,,,,,,,,,,,2020-01-04 12:02:24,door sensor,110,door closed,2020-01-04 15:11:40,door sensor,155,successful keycard unlock,,,,,,,,
2020-01-04 17:36:30,access point,ap1-2,user connected,2020-01-04 22:42:50,access point,ap2-3,user connected,2020-01-04 21:40:20,access point,ap2-2,user connected,,,,,,,,,,,,,,,,,,,,,2020-01-04 12:02:31,motion sensor,elevator,motion detected,2020-01-04 15:44:20,door sensor,151,successful keycard unlock,,,,,,,,
2020-01-04 17:51:30,access point,ap1-3,user connected,2020-01-04 22:43:05,access point,ap2-2,user connected,2020-01-04 21:40:33,door sensor,248,successful keycard unlock,,,,,,,,,,,,,,,,,,,,,2020-01-04 12:02:49,door sensor,210,door closed,2020-01-04 16:50:00,door sensor,156,successful keycard unlock,,,,,,,,
2020-01-04 19:01:03,access point,ap2-1,user connected,2020-01-04 22:43:08,door sensor,241,successful keycard unlock,2020-01-05 08:52:03,access point,ap2-3,user connected,,,,,,,,,,,,,,,,,,,,,2020-01-04 12:03:18,motion sensor,elevator,motion detected,2020-01-04 16:54:00,door sensor,156b,successful keycard unlock,,,,,,,,
2020-01-04 19:01:05,door sensor,210,successful keycard unlock,2020-01-04 23:03:10,access point,ap2-3,user connected,2020-01-05 08:52:42,access point,ap1-4,user connected,,,,,,,,,,,,,,,,,,,,,2020-01-04 12:15:17,door sensor,231,unlocked no keycard,2020-01-04 16:58:00,access point,ap1-4,user connected,,,,,,,,
2020-01-04 19:30:17,access point,ap1-4,user connected,2020-01-04 23:03:28,access point,ap1-4,user connected,2020-01-05 09:21:25,access point,ap2-3,user connected,,,,,,,,,,,,,,,,,,,,,2020-01-04 12:15:20,door sensor,231,door closed,2020-01-04 16:58:20,access point,ap1-4,user disconnected,,,,,,,,
2020-01-04 19:31:40,access point,ap1-2,user connected,2020-01-04 23:03:45,access point,ap1-4,user disconnected,2020-01-05 09:21:28,access point,ap2-1,user connected,,,,,,,,,,,,,,,,,,,,,2020-01-04 12:15:21,motion sensor,elevator,motion detected,2020-01-05 08:58:00,access point,ap1-4,user connected,,,,,,,,
2020-01-04 19:31:48,door sensor,155,successful keycard unlock,2020-01-05 03:24:56,access point,ap1-4,user connected,2020-01-05 09:23:30,access point,ap2-3,user connected,,,,,,,,,,,,,,,,,,,,,2020-01-04 12:16:02,door sensor,210,door closed,2020-01-05 08:58:20,access point,ap1-2,user connected,,,,,,,,
2020-01-04 20:33:20,access point,ap2-2,user connected,2020-01-05 03:25:18,access point,ap2-3,user connected,2020-01-05 09:25:00,access point,ap1-4,user connected,,,,,,,,,,,,,,,,,,,,,2020-01-04 12:16:11,door sensor,210,unlocked no keycard,2020-01-05 08:58:25,door sensor,156,successful keycard unlock,,,,,,,,
2020-01-04 20:33:23,access point,ap2-3,user connected,2020-01-05 03:25:31,access point,ap2-2,user connected,,,,,,,,,,,,,,,,,,,,,,,,,2020-01-04 12:16:17,door sensor,210,door closed,2020-01-05 09:04:00,door sensor,156b,successful keycard unlock,,,,,,,,
2020-01-04 20:33:26,access point,ap2-1,user connected,2020-01-05 08:47:23,access point,ap2-3,user connected,,,,,,,,,,,,,,,,,,,,,,,,,2020-01-04 12:16:27,door sensor,232,door closed,2020-01-05 09:08:14,access point,ap1-4,user connected,,,,,,,,
2020-01-04 20:34:14,door sensor,210,successful keycard unlock,2020-01-05 08:47:57,access point,ap1-4,user connected,,,,,,,,,,,,,,,,,,,,,,,,,2020-01-04 12:23:12,door sensor,210,unlocked no keycard,2020-01-05 09:08:50,access point,ap2-3,user connected,,,,,,,,
,,,,2020-01-05 09:21:00,access point,ap1-4,user disconnected,,,,,,,,,,,,,,,,,,,,,,,,,2020-01-04 12:23:15,door sensor,210,door closed,2020-01-05 09:08:53,access point,ap2-1,user connected,,,,,,,,
,,,,,,,,,,,,,,,,,,,,,,,,,,,,,,,,2020-01-04 12:23:30,door sensor,151,door closed,2020-01-05 09:08:54,door sensor,232,successful keycard unlock,,,,,,,,
,,,,,,,,,,,,,,,,,,,,,,,,,,,,,,,,2020-01-04 12:45:17,door sensor,232,unlocked no keycard,2020-01-05 09:35:12,door sensor,220,successful keycard unlock,,,,,,,,
,,,,,,,,,,,,,,,,,,,,,,,,,,,,,,,,2020-01-04 12:45:22,door sensor,232,door closed,2020-01-05 10:00:12,door sensor,210,successful keycard unlock,,,,,,,,
,,,,,,,,,,,,,,,,,,,,,,,,,,,,,,,,2020-01-04 12:46:05,door sensor,210,door closed,,,,,,,,,,,,
,,,,,,,,,,,,,,,,,,,,,,,,,,,,,,,,2020-01-04 13:26:09,door sensor,151,unlocked no keycard,,,,,,,,,,,,
,,,,,,,,,,,,,,,,,,,,,,,,,,,,,,,,2020-01-04 13:26:12,door sensor,151,door closed,,,,,,,,,,,,
,,,,,,,,,,,,,,,,,,,,,,,,,,,,,,,,2020-01-04 13:26:35,motion sensor,elevator,motion detected,,,,,,,,,,,,
,,,,,,,,,,,,,,,,,,,,,,,,,,,,,,,,2020-01-04 13:26:56,door sensor,231,door closed,,,,,,,,,,,,
,,,,,,,,,,,,,,,,,,,,,,,,,,,,,,,,2020-01-04 13:36:11,door sensor,210,unlocked no keycard,,,,,,,,,,,,
,,,,,,,,,,,,,,,,,,,,,,,,,,,,,,,,2020-01-04 13:36:14,door sensor,210,door closed,,,,,,,,,,,,
,,,,,,,,,,,,,,,,,,,,,,,,,,,,,,,,2020-01-04 13:37:06,door sensor,244,door closed,,,,,,,,,,,,
,,,,,,,,,,,,,,,,,,,,,,,,,,,,,,,,2020-01-04 13:45:12,door sensor,231,unlocked no keycard,,,,,,,,,,,,
,,,,,,,,,,,,,,,,,,,,,,,,,,,,,,,,2020-01-04 13:45:14,door sensor,231,door closed,,,,,,,,,,,,
,,,,,,,,,,,,,,,,,,,,,,,,,,,,,,,,2020-01-04 13:45:20,motion sensor,elevator,motion detected,,,,,,,,,,,,
,,,,,,,,,,,,,,,,,,,,,,,,,,,,,,,,2020-01-04 14:01:00,door sensor,151,unlocked no keycard,,,,,,,,,,,,
,,,,,,,,,,,,,,,,,,,,,,,,,,,,,,,,2020-01-04 14:01:07,door sensor,151,door closed,,,,,,,,,,,,
,,,,,,,,,,,,,,,,,,,,,,,,,,,,,,,,2020-01-04 14:10:00,door sensor,244,unlocked no keycard,,,,,,,,,,,,
,,,,,,,,,,,,,,,,,,,,,,,,,,,,,,,,2020-01-04 14:10:05,door sensor,244,door closed,,,,,,,,,,,,
,,,,,,,,,,,,,,,,,,,,,,,,,,,,,,,,2020-01-04 14:10:22,door sensor,248,door closed,,,,,,,,,,,,
,,,,,,,,,,,,,,,,,,,,,,,,,,,,,,,,2020-01-04 14:26:07,door sensor,110,door closed,,,,,,,,,,,,
,,,,,,,,,,,,,,,,,,,,,,,,,,,,,,,,2020-01-04 14:27:07,door sensor,110,door closed,,,,,,,,,,,,
,,,,,,,,,,,,,,,,,,,,,,,,,,,,,,,,2020-01-04 14:28:07,door sensor,110,door closed,,,,,,,,,,,,
,,,,,,,,,,,,,,,,,,,,,,,,,,,,,,,,2020-01-04 14:31:07,door sensor,110,door closed,,,,,,,,,,,,
,,,,,,,,,,,,,,,,,,,,,,,,,,,,,,,,2020-01-04 14:33:55,door sensor,130,unlocked no keycard,,,,,,,,,,,,
,,,,,,,,,,,,,,,,,,,,,,,,,,,,,,,,2020-01-04 14:34:02,door sensor,130,door closed,,,,,,,,,,,,
,,,,,,,,,,,,,,,,,,,,,,,,,,,,,,,,2020-01-04 14:35:00,door sensor,248,unlocked no keycard,,,,,,,,,,,,
,,,,,,,,,,,,,,,,,,,,,,,,,,,,,,,,2020-01-04 14:35:07,door sensor,248,door closed,,,,,,,,,,,,
,,,,,,,,,,,,,,,,,,,,,,,,,,,,,,,,2020-01-04 14:35:22,door sensor,241,door closed,,,,,,,,,,,,
,,,,,,,,,,,,,,,,,,,,,,,,,,,,,,,,2020-01-04 14:40:07,door sensor,110,door closed,,,,,,,,,,,,
,,,,,,,,,,,,,,,,,,,,,,,,,,,,,,,,2020-01-04 15:05:00,door sensor,241,unlocked no keycard,,,,,,,,,,,,
,,,,,,,,,,,,,,,,,,,,,,,,,,,,,,,,2020-01-04 15:05:07,door sensor,241,door closed,,,,,,,,,,,,
,,,,,,,,,,,,,,,,,,,,,,,,,,,,,,,,2020-01-04 15:05:27,motion sensor,elevator,motion detected,,,,,,,,,,,,
,,,,,,,,,,,,,,,,,,,,,,,,,,,,,,,,2020-01-04 15:06:12,door sensor,130,door closed,,,,,,,,,,,,
,,,,,,,,,,,,,,,,,,,,,,,,,,,,,,,,2020-01-04 15:10:30,door sensor,130,door closed,,,,,,,,,,,,
,,,,,,,,,,,,,,,,,,,,,,,,,,,,,,,,2020-01-04 15:11:22,door sensor,130,unlocked no keycard,,,,,,,,,,,,
,,,,,,,,,,,,,,,,,,,,,,,,,,,,,,,,2020-01-04 15:11:30,door sensor,130,door closed,,,,,,,,,,,,
,,,,,,,,,,,,,,,,,,,,,,,,,,,,,,,,2020-01-04 15:11:47,door sensor,155,door closed,,,,,,,,,,,,
,,,,,,,,,,,,,,,,,,,,,,,,,,,,,,,,2020-01-04 15:11:56,door sensor,110,door closed,,,,,,,,,,,,
,,,,,,,,,,,,,,,,,,,,,,,,,,,,,,,,2020-01-04 15:16:00,door sensor,110,unlocked no keycard,,,,,,,,,,,,
,,,,,,,,,,,,,,,,,,,,,,,,,,,,,,,,2020-01-04 15:18:31,door sensor,110,door closed,,,,,,,,,,,,
,,,,,,,,,,,,,,,,,,,,,,,,,,,,,,,,2020-01-04 15:18:40,door sensor,110,door closed,,,,,,,,,,,,
,,,,,,,,,,,,,,,,,,,,,,,,,,,,,,,,2020-01-04 15:25:15,door sensor,110,door closed,,,,,,,,,,,,
,,,,,,,,,,,,,,,,,,,,,,,,,,,,,,,,2020-01-04 15:30:00,door sensor,110,unlocked no keycard,,,,,,,,,,,,
,,,,,,,,,,,,,,,,,,,,,,,,,,,,,,,,2020-01-04 15:44:00,door sensor,155,unlocked no keycard,,,,,,,,,,,,
,,,,,,,,,,,,,,,,,,,,,,,,,,,,,,,,2020-01-04 15:44:07,door sensor,155,door closed,,,,,,,,,,,,
,,,,,,,,,,,,,,,,,,,,,,,,,,,,,,,,2020-01-04 15:44:27,door sensor,151,door closed,,,,,,,,,,,,
,,,,,,,,,,,,,,,,,,,,,,,,,,,,,,,,2020-01-04 15:44:36,door sensor,110,door closed,,,,,,,,,,,,
,,,,,,,,,,,,,,,,,,,,,,,,,,,,,,,,2020-01-04 16:18:00,door sensor,110,unlocked no keycard,,,,,,,,,,,,
,,,,,,,,,,,,,,,,,,,,,,,,,,,,,,,,2020-01-04 16:20:00,door sensor,151,unlocked no keycard,,,,,,,,,,,,
,,,,,,,,,,,,,,,,,,,,,,,,,,,,,,,,2020-01-04 16:20:07,door sensor,151,door closed,,,,,,,,,,,,
,,,,,,,,,,,,,,,,,,,,,,,,,,,,,,,,2020-01-04 16:26:22,door sensor,110,door closed,,,,,,,,,,,,
,,,,,,,,,,,,,,,,,,,,,,,,,,,,,,,,2020-01-04 16:26:31,door sensor,110,door closed,,,,,,,,,,,,
,,,,,,,,,,,,,,,,,,,,,,,,,,,,,,,,2020-01-04 16:27:00,door sensor,110,unlocked no keycard,,,,,,,,,,,,
,,,,,,,,,,,,,,,,,,,,,,,,,,,,,,,,2020-01-04 16:33:06,door sensor,110,door closed,,,,,,,,,,,,
,,,,,,,,,,,,,,,,,,,,,,,,,,,,,,,,2020-01-04 16:50:07,door sensor,156,door closed,,,,,,,,,,,,
,,,,,,,,,,,,,,,,,,,,,,,,,,,,,,,,2020-01-04 16:54:07,door sensor,156b,door closed,,,,,,,,,,,,
,,,,,,,,,,,,,,,,,,,,,,,,,,,,,,,,2020-01-04 16:57:35,door sensor,156b,unlocked no keycard,,,,,,,,,,,,
,,,,,,,,,,,,,,,,,,,,,,,,,,,,,,,,2020-01-04 16:57:42,door sensor,156b,door closed,,,,,,,,,,,,
,,,,,,,,,,,,,,,,,,,,,,,,,,,,,,,,2020-01-04 16:57:45,door sensor,156,unlocked no keycard,,,,,,,,,,,,
,,,,,,,,,,,,,,,,,,,,,,,,,,,,,,,,2020-01-04 16:57:52,door sensor,156,door closed,,,,,,,,,,,,
,,,,,,,,,,,,,,,,,,,,,,,,,,,,,,,,2020-01-04 17:25:00,door sensor,130,unlocked no keycard,,,,,,,,,,,,
,,,,,,,,,,,,,,,,,,,,,,,,,,,,,,,,2020-01-04 17:25:07,door sensor,130,door closed,,,,,,,,,,,,
,,,,,,,,,,,,,,,,,,,,,,,,,,,,,,,,2020-01-04 17:27:07,door sensor,130,door closed,,,,,,,,,,,,
,,,,,,,,,,,,,,,,,,,,,,,,,,,,,,,,2020-01-04 17:28:00,door sensor,130,unlocked no keycard,,,,,,,,,,,,
,,,,,,,,,,,,,,,,,,,,,,,,,,,,,,,,2020-01-04 17:28:07,door sensor,130,door closed,,,,,,,,,,,,
,,,,,,,,,,,,,,,,,,,,,,,,,,,,,,,,2020-01-04 17:29:07,door sensor,130,door closed,,,,,,,,,,,,
,,,,,,,,,,,,,,,,,,,,,,,,,,,,,,,,2020-01-04 17:30:00,door sensor,110,unlocked no keycard,,,,,,,,,,,,
,,,,,,,,,,,,,,,,,,,,,,,,,,,,,,,,2020-01-04 17:30:40,door sensor,110,door closed,,,,,,,,,,,,
,,,,,,,,,,,,,,,,,,,,,,,,,,,,,,,,2020-01-04 17:45:00,door sensor,130,unlocked no keycard,,,,,,,,,,,,
,,,,,,,,,,,,,,,,,,,,,,,,,,,,,,,,2020-01-04 17:45:07,door sensor,130,door closed,,,,,,,,,,,,
,,,,,,,,,,,,,,,,,,,,,,,,,,,,,,,,2020-01-04 17:48:07,door sensor,130,door closed,,,,,,,,,,,,
,,,,,,,,,,,,,,,,,,,,,,,,,,,,,,,,2020-01-04 18:30:02,door sensor,130,unlocked no keycard,,,,,,,,,,,,
,,,,,,,,,,,,,,,,,,,,,,,,,,,,,,,,2020-01-04 18:35:05,door sensor,130,door closed,,,,,,,,,,,,
,,,,,,,,,,,,,,,,,,,,,,,,,,,,,,,,2020-01-04 19:00:39,door sensor,151,door closed,,,,,,,,,,,,
,,,,,,,,,,,,,,,,,,,,,,,,,,,,,,,,2020-01-04 19:01:02,motion sensor,elevator,motion detected,,,,,,,,,,,,
,,,,,,,,,,,,,,,,,,,,,,,,,,,,,,,,2020-01-04 19:02:10,door sensor,210,door closed,,,,,,,,,,,,
,,,,,,,,,,,,,,,,,,,,,,,,,,,,,,,,2020-01-04 19:30:01,door sensor,210,unlocked no keycard,,,,,,,,,,,,
,,,,,,,,,,,,,,,,,,,,,,,,,,,,,,,,2020-01-04 19:30:06,door sensor,210,door closed,,,,,,,,,,,,
,,,,,,,,,,,,,,,,,,,,,,,,,,,,,,,,2020-01-04 19:30:07,motion sensor,elevator,motion detected,,,,,,,,,,,,
,,,,,,,,,,,,,,,,,,,,,,,,,,,,,,,,2020-01-04 19:31:24,motion sensor,elevator,motion detected,,,,,,,,,,,,
,,,,,,,,,,,,,,,,,,,,,,,,,,,,,,,,2020-01-04 19:31:26,motion sensor,elevator,motion detected,,,,,,,,,,,,
,,,,,,,,,,,,,,,,,,,,,,,,,,,,,,,,2020-01-04 19:31:36,door sensor,235,door closed,,,,,,,,,,,,
,,,,,,,,,,,,,,,,,,,,,,,,,,,,,,,,2020-01-04 19:31:43,door sensor,241,door closed,,,,,,,,,,,,
,,,,,,,,,,,,,,,,,,,,,,,,,,,,,,,,2020-01-04 19:31:52,door sensor,155,door closed,,,,,,,,,,,,
,,,,,,,,,,,,,,,,,,,,,,,,,,,,,,,,2020-01-04 19:31:54,door sensor,130,unlocked no keycard,,,,,,,,,,,,
,,,,,,,,,,,,,,,,,,,,,,,,,,,,,,,,2020-01-04 19:31:58,door sensor,130,door closed,,,,,,,,,,,,
,,,,,,,,,,,,,,,,,,,,,,,,,,,,,,,,2020-01-04 20:00:05,door sensor,151,unlocked no keycard,,,,,,,,,,,,
,,,,,,,,,,,,,,,,,,,,,,,,,,,,,,,,2020-01-04 20:00:10,door sensor,151,door closed,,,,,,,,,,,,
,,,,,,,,,,,,,,,,,,,,,,,,,,,,,,,,2020-01-04 20:00:16,door sensor,155,door closed,,,,,,,,,,,,
,,,,,,,,,,,,,,,,,,,,,,,,,,,,,,,,2020-01-04 20:00:22,door sensor,130,door closed,,,,,,,,,,,,
,,,,,,,,,,,,,,,,,,,,,,,,,,,,,,,,2020-01-04 20:02:02,phone,235,off hook,,,,,,,,,,,,
,,,,,,,,,,,,,,,,,,,,,,,,,,,,,,,,2020-01-04 20:02:10,phone,reception,off hook,,,,,,,,,,,,
,,,,,,,,,,,,,,,,,,,,,,,,,,,,,,,,2020-01-04 20:03:40,phone,235,on hook,,,,,,,,,,,,
,,,,,,,,,,,,,,,,,,,,,,,,,,,,,,,,2020-01-04 20:03:42,phone,reception,on hook,,,,,,,,,,,,
,,,,,,,,,,,,,,,,,,,,,,,,,,,,,,,,2020-01-04 20:04:31,phone,reception,off hook,,,,,,,,,,,,
,,,,,,,,,,,,,,,,,,,,,,,,,,,,,,,,2020-01-04 20:04:33,phone,130,off hook,,,,,,,,,,,,
,,,,,,,,,,,,,,,,,,,,,,,,,,,,,,,,2020-01-04 20:05:18,phone,reception,on hook,,,,,,,,,,,,
,,,,,,,,,,,,,,,,,,,,,,,,,,,,,,,,2020-01-04 20:05:20,phone,130,on hook,,,,,,,,,,,,
,,,,,,,,,,,,,,,,,,,,,,,,,,,,,,,,2020-01-04 20:05:37,door sensor,155,door closed,,,,,,,,,,,,
,,,,,,,,,,,,,,,,,,,,,,,,,,,,,,,,2020-01-04 20:30:42,door sensor,155,unlocked no keycard,,,,,,,,,,,,
,,,,,,,,,,,,,,,,,,,,,,,,,,,,,,,,2020-01-04 20:30:47,door sensor,155,door closed,,,,,,,,,,,,
,,,,,,,,,,,,,,,,,,,,,,,,,,,,,,,,2020-01-04 20:30:49,door sensor,155,unlocked no keycard,,,,,,,,,,,,
,,,,,,,,,,,,,,,,,,,,,,,,,,,,,,,,2020-01-04 20:30:52,door sensor,155,door closed,,,,,,,,,,,,
,,,,,,,,,,,,,,,,,,,,,,,,,,,,,,,,2020-01-04 20:30:53,door sensor,150,unlocked no keycard,,,,,,,,,,,,
,,,,,,,,,,,,,,,,,,,,,,,,,,,,,,,,2020-01-04 20:30:54,motion sensor,stairwell,motion detected,,,,,,,,,,,,
,,,,,,,,,,,,,,,,,,,,,,,,,,,,,,,,2020-01-04 20:30:55,door sensor,150,door closed,,,,,,,,,,,,
,,,,,,,,,,,,,,,,,,,,,,,,,,,,,,,,2020-01-04 20:31:02,motion sensor,elevator,motion detected,,,,,,,,,,,,
,,,,,,,,,,,,,,,,,,,,,,,,,,,,,,,,2020-01-04 20:31:11,door sensor,248,door closed,,,,,,,,,,,,
,,,,,,,,,,,,,,,,,,,,,,,,,,,,,,,,2020-01-04 20:33:12,door sensor,250,unlocked no keycard,,,,,,,,,,,,
,,,,,,,,,,,,,,,,,,,,,,,,,,,,,,,,2020-01-04 20:33:13,motion sensor,stairwell,motion detected,,,,,,,,,,,,
,,,,,,,,,,,,,,,,,,,,,,,,,,,,,,,,2020-01-04 20:33:18,door sensor,250,door closed,,,,,,,,,,,,
,,,,,,,,,,,,,,,,,,,,,,,,,,,,,,,,2020-01-04 20:34:16,door sensor,210,door closed,,,,,,,,,,,,
,,,,,,,,,,,,,,,,,,,,,,,,,,,,,,,,2020-01-04 20:36:32,phone,210,off hook,,,,,,,,,,,,
,,,,,,,,,,,,,,,,,,,,,,,,,,,,,,,,2020-01-04 20:36:35,phone,reception,off hook,,,,,,,,,,,,
,,,,,,,,,,,,,,,,,,,,,,,,,,,,,,,,2020-01-04 20:37:58,phone,210,on hook,,,,,,,,,,,,
,,,,,,,,,,,,,,,,,,,,,,,,,,,,,,,,2020-01-04 20:37:59,phone,reception,on hook,,,,,,,,,,,,
,,,,,,,,,,,,,,,,,,,,,,,,,,,,,,,,2020-01-04 20:40:01,door sensor,130,unlocked no keycard,,,,,,,,,,,,
,,,,,,,,,,,,,,,,,,,,,,,,,,,,,,,,2020-01-04 20:40:03,door sensor,130,door closed,,,,,,,,,,,,
,,,,,,,,,,,,,,,,,,,,,,,,,,,,,,,,2020-01-04 20:41:31,motion sensor,elevator,motion detected,,,,,,,,,,,,
,,,,,,,,,,,,,,,,,,,,,,,,,,,,,,,,2020-01-04 20:42:50,door sensor,235,unlocked no keycard,,,,,,,,,,,,
,,,,,,,,,,,,,,,,,,,,,,,,,,,,,,,,2020-01-04 20:42:52,door sensor,235,door closed,,,,,,,,,,,,
,,,,,,,,,,,,,,,,,,,,,,,,,,,,,,,,2020-01-04 21:07:27,door sensor,150,unlocked no keycard,,,,,,,,,,,,
,,,,,,,,,,,,,,,,,,,,,,,,,,,,,,,,2020-01-04 21:07:29,motion sensor,stairwell,motion detected,,,,,,,,,,,,
,,,,,,,,,,,,,,,,,,,,,,,,,,,,,,,,2020-01-04 21:07:32,door sensor,150,door closed,,,,,,,,,,,,
,,,,,,,,,,,,,,,,,,,,,,,,,,,,,,,,2020-01-04 21:07:53,door sensor,235,unlocked no keycard,,,,,,,,,,,,
,,,,,,,,,,,,,,,,,,,,,,,,,,,,,,,,2020-01-04 21:07:57,door sensor,235,door closed,,,,,,,,,,,,
,,,,,,,,,,,,,,,,,,,,,,,,,,,,,,,,2020-01-04 21:08:05,motion sensor,stairwell,motion detected,,,,,,,,,,,,
,,,,,,,,,,,,,,,,,,,,,,,,,,,,,,,,2020-01-04 21:08:07,door sensor,250,unlocked no keycard,,,,,,,,,,,,
,,,,,,,,,,,,,,,,,,,,,,,,,,,,,,,,2020-01-04 21:08:12,door sensor,250,door closed,,,,,,,,,,,,
,,,,,,,,,,,,,,,,,,,,,,,,,,,,,,,,2020-01-04 21:08:15,motion sensor,elevator,motion detected,,,,,,,,,,,,
,,,,,,,,,,,,,,,,,,,,,,,,,,,,,,,,2020-01-04 21:08:41,door sensor,210,unlocked no keycard,,,,,,,,,,,,
,,,,,,,,,,,,,,,,,,,,,,,,,,,,,,,,2020-01-04 21:09:40,door sensor,250,unlocked no keycard,,,,,,,,,,,,
,,,,,,,,,,,,,,,,,,,,,,,,,,,,,,,,2020-01-04 21:09:42,motion sensor,stairwell,motion detected,,,,,,,,,,,,
,,,,,,,,,,,,,,,,,,,,,,,,,,,,,,,,2020-01-04 21:09:45,door sensor,250,door closed,,,,,,,,,,,,
,,,,,,,,,,,,,,,,,,,,,,,,,,,,,,,,2020-01-04 21:10:15,motion sensor,stairwell,motion detected,,,,,,,,,,,,
,,,,,,,,,,,,,,,,,,,,,,,,,,,,,,,,2020-01-04 21:10:17,door sensor,150,unlocked no keycard,,,,,,,,,,,,
,,,,,,,,,,,,,,,,,,,,,,,,,,,,,,,,2020-01-04 21:10:21,door sensor,150,door closed,,,,,,,,,,,,
,,,,,,,,,,,,,,,,,,,,,,,,,,,,,,,,2020-01-04 21:12:15,motion sensor,elevator,motion detected,,,,,,,,,,,,
,,,,,,,,,,,,,,,,,,,,,,,,,,,,,,,,2020-01-04 21:12:53,door sensor,235,door closed,,,,,,,,,,,,
,,,,,,,,,,,,,,,,,,,,,,,,,,,,,,,,2020-01-04 21:34:29,door sensor,248,unlocked no keycard,,,,,,,,,,,,
,,,,,,,,,,,,,,,,,,,,,,,,,,,,,,,,2020-01-04 21:34:34,door sensor,248,door closed,,,,,,,,,,,,
,,,,,,,,,,,,,,,,,,,,,,,,,,,,,,,,2020-01-04 21:39:17,phone,231,off hook,,,,,,,,,,,,
,,,,,,,,,,,,,,,,,,,,,,,,,,,,,,,,2020-01-04 21:39:21,phone,reception,off hook,,,,,,,,,,,,
,,,,,,,,,,,,,,,,,,,,,,,,,,,,,,,,2020-01-04 21:39:49,phone,231,on hook,,,,,,,,,,,,
,,,,,,,,,,,,,,,,,,,,,,,,,,,,,,,,2020-01-04 21:39:50,phone,reception,on hook,,,,,,,,,,,,
,,,,,,,,,,,,,,,,,,,,,,,,,,,,,,,,2020-01-04 21:40:23,motion sensor,elevator,motion detected,,,,,,,,,,,,
,,,,,,,,,,,,,,,,,,,,,,,,,,,,,,,,2020-01-04 21:40:38,door sensor,248,door closed,,,,,,,,,,,,
,,,,,,,,,,,,,,,,,,,,,,,,,,,,,,,,2020-01-04 21:42:01,motion sensor,elevator,motion detected,,,,,,,,,,,,
,,,,,,,,,,,,,,,,,,,,,,,,,,,,,,,,2020-01-04 22:36:12,door sensor,241,unlocked no keycard,,,,,,,,,,,,
,,,,,,,,,,,,,,,,,,,,,,,,,,,,,,,,2020-01-04 22:36:17,door sensor,241,door closed,,,,,,,,,,,,
,,,,,,,,,,,,,,,,,,,,,,,,,,,,,,,,2020-01-04 22:36:50,door sensor,210,door closed,,,,,,,,,,,,
,,,,,,,,,,,,,,,,,,,,,,,,,,,,,,,,2020-01-04 22:42:28,door sensor,210,unlocked no keycard,,,,,,,,,,,,
,,,,,,,,,,,,,,,,,,,,,,,,,,,,,,,,2020-01-04 22:42:33,door sensor,210,door closed,,,,,,,,,,,,
,,,,,,,,,,,,,,,,,,,,,,,,,,,,,,,,2020-01-04 22:43:13,door sensor,241,door closed,,,,,,,,,,,,
,,,,,,,,,,,,,,,,,,,,,,,,,,,,,,,,2020-01-04 22:44:08,door sensor,235,unlocked no keycard,,,,,,,,,,,,
,,,,,,,,,,,,,,,,,,,,,,,,,,,,,,,,2020-01-04 22:44:13,door sensor,235,door closed,,,,,,,,,,,,
,,,,,,,,,,,,,,,,,,,,,,,,,,,,,,,,2020-01-04 22:44:28,motion sensor,ice machine,motion detected,,,,,,,,,,,,
,,,,,,,,,,,,,,,,,,,,,,,,,,,,,,,,2020-01-04 22:44:47,door sensor,235,door closed,,,,,,,,,,,,
,,,,,,,,,,,,,,,,,,,,,,,,,,,,,,,,2020-01-04 23:03:01,door sensor,241,unlocked no keycard,,,,,,,,,,,,
,,,,,,,,,,,,,,,,,,,,,,,,,,,,,,,,2020-01-04 23:03:06,door sensor,241,door closed,,,,,,,,,,,,
,,,,,,,,,,,,,,,,,,,,,,,,,,,,,,,,2020-01-04 23:03:25,motion sensor,elevator,motion detected,,,,,,,,,,,,
,,,,,,,,,,,,,,,,,,,,,,,,,,,,,,,,2020-01-04 23:47:08,door sensor,235,unlocked no keycard,,,,,,,,,,,,
,,,,,,,,,,,,,,,,,,,,,,,,,,,,,,,,2020-01-04 23:47:13,door sensor,235,door closed,,,,,,,,,,,,
,,,,,,,,,,,,,,,,,,,,,,,,,,,,,,,,2020-01-04 23:47:28,motion sensor,elevator,motion detected,,,,,,,,,,,,
,,,,,,,,,,,,,,,,,,,,,,,,,,,,,,,,2020-01-04 23:51:37,motion sensor,elevator,motion detected,,,,,,,,,,,,
,,,,,,,,,,,,,,,,,,,,,,,,,,,,,,,,2020-01-04 23:52:16,door sensor,235,door closed,,,,,,,,,,,,
,,,,,,,,,,,,,,,,,,,,,,,,,,,,,,,,2020-01-05 03:25:15,motion sensor,elevator,motion detected,,,,,,,,,,,,
,,,,,,,,,,,,,,,,,,,,,,,,,,,,,,,,2020-01-05 03:25:37,door sensor,241,unlocked no keycard,,,,,,,,,,,,
,,,,,,,,,,,,,,,,,,,,,,,,,,,,,,,,2020-01-05 03:25:41,door sensor,241,door closed,,,,,,,,,,,,
,,,,,,,,,,,,,,,,,,,,,,,,,,,,,,,,2020-01-05 08:47:20,door sensor,241,unlocked no keycard,,,,,,,,,,,,
,,,,,,,,,,,,,,,,,,,,,,,,,,,,,,,,2020-01-05 08:47:27,door sensor,241,door closed,,,,,,,,,,,,
,,,,,,,,,,,,,,,,,,,,,,,,,,,,,,,,2020-01-05 08:47:42,motion sensor,elevator,motion detected,,,,,,,,,,,,
,,,,,,,,,,,,,,,,,,,,,,,,,,,,,,,,2020-01-05 08:52:00,door sensor,248,unlocked no keycard,,,,,,,,,,,,
,,,,,,,,,,,,,,,,,,,,,,,,,,,,,,,,2020-01-05 08:52:07,door sensor,248,door closed,,,,,,,,,,,,
,,,,,,,,,,,,,,,,,,,,,,,,,,,,,,,,2020-01-05 08:52:27,motion sensor,elevator,motion detected,,,,,,,,,,,,
,,,,,,,,,,,,,,,,,,,,,,,,,,,,,,,,2020-01-05 08:58:32,door sensor,156,door closed,,,,,,,,,,,,
,,,,,,,,,,,,,,,,,,,,,,,,,,,,,,,,2020-01-05 09:04:07,door sensor,156b,door closed,,,,,,,,,,,,
,,,,,,,,,,,,,,,,,,,,,,,,,,,,,,,,2020-01-05 09:07:00,door sensor,156b,unlocked no keycard,,,,,,,,,,,,
,,,,,,,,,,,,,,,,,,,,,,,,,,,,,,,,2020-01-05 09:07:07,door sensor,156b,door closed,,,,,,,,,,,,
,,,,,,,,,,,,,,,,,,,,,,,,,,,,,,,,2020-01-05 09:08:00,door sensor,156,unlocked no keycard,,,,,,,,,,,,
,,,,,,,,,,,,,,,,,,,,,,,,,,,,,,,,2020-01-05 09:08:07,door sensor,156,door closed,,,,,,,,,,,,
,,,,,,,,,,,,,,,,,,,,,,,,,,,,,,,,2020-01-05 09:08:22,motion sensor,elevator,motion detected,,,,,,,,,,,,
,,,,,,,,,,,,,,,,,,,,,,,,,,,,,,,,2020-01-05 09:08:56,door sensor,232,door closed,,,,,,,,,,,,
,,,,,,,,,,,,,,,,,,,,,,,,,,,,,,,,2020-01-05 09:20:00,motion sensor,elevator,motion detected,,,,,,,,,,,,
,,,,,,,,,,,,,,,,,,,,,,,,,,,,,,,,2020-01-05 09:24:00,motion sensor,elevator,motion detected,,,,,,,,,,,,
,,,,,,,,,,,,,,,,,,,,,,,,,,,,,,,,2020-01-05 09:35:00,door sensor,232,unlocked no keycard,,,,,,,,,,,,
,,,,,,,,,,,,,,,,,,,,,,,,,,,,,,,,2020-01-05 09:35:07,door sensor,232,door closed,,,,,,,,,,,,
,,,,,,,,,,,,,,,,,,,,,,,,,,,,,,,,2020-01-05 09:35:19,door sensor,220,door closed,,,,,,,,,,,,
,,,,,,,,,,,,,,,,,,,,,,,,,,,,,,,,2020-01-05 10:00:00,door sensor,220,unlocked no keycard,,,,,,,,,,,,
,,,,,,,,,,,,,,,,,,,,,,,,,,,,,,,,2020-01-05 10:00:07,door sensor,220,door closed,,,,,,,,,,,,
,,,,,,,,,,,,,,,,,,,,,,,,,,,,,,,,2020-01-05 10:00:19,door sensor,210,door closed,,,,,,,,,,,,
,,,,,,,,,,,,,,,,,,,,,,,,,,,,,,,,2020-01-05 10:00:22,phone,210,off hook,,,,,,,,,,,,
,,,,,,,,,,,,,,,,,,,,,,,,,,,,,,,,2020-01-05 10:00:24,phone,lobby,off hook,,,,,,,,,,,,
,,,,,,,,,,,,,,,,,,,,,,,,,,,,,,,,2020-01-05 10:00:34,phone,210,on hook,,,,,,,,,,,,
,,,,,,,,,,,,,,,,,,,,,,,,,,,,,,,,2020-01-05 10:00:41,phone,lobby,on hook,,,,,,,,,,,,
,,,,,,,,,,,,,,,,,,,,,,,,,,,,,,,,2020-01-05 10:01:00,phone,lobby,off hook,,,,,,,,,,,,
,,,,,,,,,,,,,,,,,,,,,,,,,,,,,,,,2020-01-05 10:06:00,phone,lobby,on hook,,,,,,,,,,,,
